videoId,title,description
AEj9334xWpc,TYT Matematik - Tanıtım - İlyas GÜNEŞ - 2025,"Türkiye’nin Hocaları Sizin yanınızda …
Kitap Satışımız İçin;
https://www.benimhocam.com
Trendyol:
https://www.trendyol.com/sr/?mid=353344&sst=MOST_RECENT&wc=104360&os=1&pi=3
https://www.facebook.com/benimhocamyayin/
https://www.instagram.com/benimhocam/
https://twitter.com/Benimhocamyayin"
mmpRrPlBpns,1) TYT Matematik - Temel İşlemler -  İlyas GÜNEŞ - 2025,"Türkiye’nin Hocaları Sizin yanınızda …
Kitap Satışımız İçin;
https://www.benimhocam.com
https://www.facebook.com/benimhocamyayin/
https://www.instagram.com/benimhocam/
https://twitter.com/Benimhocamyayin"
hnoChI7J4Bg,2) TYT Matematik - Temel Kavramlar 1 -  İlyas GÜNEŞ - 2025,"Türkiye’nin Hocaları Sizin yanınızda …
Kitap Satışımız İçin;
https://www.benimhocam.com
https://www.facebook.com/benimhocamyayin/
https://www.instagram.com/benimhocam/
https://twitter.com/Benimhocamyayin"
KtnJK6kwKn8,3) TYT Matematik - Temel Kavramlar 2 -  İlyas GÜNEŞ - 2025,"Türkiye’nin Hocaları Sizin yanınızda …
Kitap Satışımız İçin;
https://www.benimhocam.com
https://www.facebook.com/benimhocamyayin/
https://www.instagram.com/benimhocam/
https://twitter.com/Benimhocamyayin"
aAT469hHFqo,4) TYT Matematik - Tek - Çift Sayılar - İlyas GÜNEŞ - 2025,"Türkiye’nin Hocaları Sizin yanınızda …
Kitap Satışımız İçin;
https://www.benimhocam.com
https://www.facebook.com/benimhocamyayin/
https://www.instagram.com/benimhocam/
https://twitter.com/Benimhocamyayin"
i4jYZsVBxx4,5) TYT Matematik - Negatif - Pozitif Sayılar - İlyas GÜNEŞ - 2025,"Türkiye’nin Hocaları Sizin yanınızda …
Kitap Satışımız İçin;
https://www.benimhocam.com
https://www.facebook.com/benimhocamyayin/
https://www.instagram.com/benimhocam/
https://twitter.com/Benimhocamyayin"
cAEwfbKUgw4,6) TYT Matematik - Ardışık Sayılar 1 - İlyas GÜNEŞ - 2025,"Türkiye’nin Hocaları Sizin yanınızda …
Kitap Satışımız İçin;
https://www.benimhocam.com
https://www.facebook.com/benimhocamyayin/
https://www.instagram.com/benimhocam/
https://twitter.com/Benimhocamyayin"
IKGaUq4zg2U,7) TYT Matematik - Ardışık Sayılar 2 - İlyas GÜNEŞ - 2025,"Türkiye’nin Hocaları Sizin yanınızda …
Kitap Satışımız İçin;
https://www.benimhocam.com
https://www.facebook.com/benimhocamyayin/
https://www.instagram.com/benimhocam/
https://twitter.com/Benimhocamyayin"
t47h58ynmDY,8) TYT Matematik - Faktöriyel - İlyas GÜNEŞ - 2025,"Türkiye’nin Hocaları Sizin yanınızda …
Kitap Satışımız İçin;
https://www.benimhocam.com
Trendyol:
https://www.trendyol.com/sr/?mid=353344&sst=MOST_RECENT&wc=104360&os=1&pi=3
https://www.facebook.com/benimhocamyayin/
https://www.instagram.com/benimhocam/
https://twitter.com/Benimhocamyayin"
L3gZLp9mxgM,9) TYT Matematik - Sayı Basamakları - İlyas GÜNEŞ - 2025,"Türkiye’nin Hocaları Sizin yanınızda …
Kitap Satışımız İçin;
https://www.benimhocam.com
https://www.facebook.com/benimhocamyayin/
https://www.instagram.com/benimhocam/
https://twitter.com/Benimhocamyayin"
1_YXNxDhLqg,10) TYT Matematik - Sayı Basamakları 2 - İlyas GÜNEŞ - 2025,"Türkiye’nin Hocaları Sizin yanınızda …
Kitap Satışımız İçin;
https://www.benimhocam.com
https://www.facebook.com/benimhocamyayin/
https://www.instagram.com/benimhocam/
https://twitter.com/Benimhocamyayin"
BocqiriE8uA,11) TYT Matematik - Bölme - İlyas GÜNEŞ - 2025,"Türkiye’nin Hocaları Sizin yanınızda …
Kitap Satışımız İçin;
https://www.benimhocam.com
https://www.facebook.com/benimhocamyayin/
https://www.instagram.com/benimhocam/
https://twitter.com/Benimhocamyayin"
DQseCe6CzEQ,12) TYT Matematik - Bölünebilme kuralları 1 - İlyas GÜNEŞ - 2025,"Türkiye’nin Hocaları Sizin yanınızda …
Kitap Satışımız İçin;
https://www.benimhocam.com
https://www.facebook.com/benimhocamyayin/
https://www.instagram.com/benimhocam/
https://twitter.com/Benimhocamyayin"
iH5kDUgbkss,13) TYT Matematik - Bölünebilme kuralları 2 - İlyas GÜNEŞ - 2025,"Türkiye’nin Hocaları Sizin yanınızda …
Kitap Satışımız İçin;
https://www.benimhocam.com
https://www.facebook.com/benimhocamyayin/
https://www.instagram.com/benimhocam/
https://twitter.com/Benimhocamyayin"
HhciSikj51c,14) TYT Matematik - Asal Çarpanlara Ayırma -  İlyas GÜNEŞ - 2025,"Türkiye’nin Hocaları Sizin yanınızda …
Kitap Satışımız İçin;
https://www.benimhocam.com
https://www.facebook.com/benimhocamyayin/
https://www.instagram.com/benimhocam/
https://twitter.com/Benimhocamyayin"
3WwEW77uX-g,15) TYT Matematik - EBOB - EKOK -  İlyas GÜNEŞ - 2025,"Türkiye’nin Hocaları Sizin yanınızda …
Kitap Satışımız İçin;
https://www.benimhocam.com
https://www.facebook.com/benimhocamyayin/
https://www.instagram.com/benimhocam/
https://twitter.com/Benimhocamyayin"
qqNq-ljJgNU,16) TYT Matematik - Tekrar Eden Problemler - İlyas GÜNEŞ - 2025,"Türkiye’nin Hocaları Sizin yanınızda …
Kitap Satışımız İçin;
https://www.benimhocam.com
https://www.facebook.com/benimhocamyayin/
https://www.instagram.com/benimhocam/
https://twitter.com/Benimhocamyayin"
bTj5lvhdxJ4,17) TYT Matematik - Rasyonel Sayılar 1 -  İlyas GÜNEŞ - 2025,"Türkiye’nin Hocaları Sizin yanınızda …
Kitap Satışımız İçin;
https://www.benimhocam.com
https://www.facebook.com/benimhocamyayin/
https://www.instagram.com/benimhocam/
https://twitter.com/Benimhocamyayin"
deH__awlE2o,18) TYT Matematik - Rasyonel Sayılar 2 -  İlyas GÜNEŞ - 2025,"Türkiye’nin Hocaları Sizin yanınızda …
Kitap Satışımız İçin;
https://www.benimhocam.com
https://www.facebook.com/benimhocamyayin/
https://www.instagram.com/benimhocam/
https://twitter.com/Benimhocamyayin"
Bh-v7gmNc_0,19) TYT Matematik - Basit Eşitsizlikler - İlyas GÜNEŞ - 2025,"Türkiye’nin Hocaları Sizin yanınızda …
Kitap Satışımız İçin;
https://www.benimhocam.com
https://www.facebook.com/benimhocamyayin/
https://www.instagram.com/benimhocam/
https://twitter.com/Benimhocamyayin"
55XrjrdQxr8,20) TYT Matematik - Mutlak Değer 1 - İlyas GÜNEŞ - 2025,"Türkiye’nin Hocaları Sizin yanınızda …
Kitap Satışımız İçin;
https://www.benimhocam.com
https://www.facebook.com/benimhocamyayin/
https://www.instagram.com/benimhocam/
https://twitter.com/Benimhocamyayin"
5fv1cIUmLCo,21) TYT Matematik - Mutlak Değer 2 - İlyas GÜNEŞ - 2025,"Türkiye’nin Hocaları Sizin yanınızda …
Kitap Satışımız İçin;
https://www.benimhocam.com
https://www.facebook.com/benimhocamyayin/
https://www.instagram.com/benimhocam/
https://twitter.com/Benimhocamyayin"
Hb5K-YmHSHw,22) TYT Matematik - Mutlak Değer 3 - İlyas GÜNEŞ - 2025,"Türkiye’nin Hocaları Sizin yanınızda …
Kitap Satışımız İçin;
https://www.benimhocam.com
https://www.facebook.com/benimhocamyayin/
https://www.instagram.com/benimhocam/
https://twitter.com/Benimhocamyayin"
sdtF_EmF70M,23) TYT Matematik - Üslü Sayılar 1 - İlyas GÜNEŞ - 2025,"Türkiye’nin Hocaları Sizin yanınızda …
Kitap Satışımız İçin;
https://www.benimhocam.com
https://www.facebook.com/benimhocamyayin/
https://www.instagram.com/benimhocam/
https://twitter.com/Benimhocamyayin"
uEl6D6MW9OM,24) TYT Matematik - Üslü Sayılar 2 - İlyas GÜNEŞ - 2025,"Türkiye’nin Hocaları Sizin yanınızda …
Kitap Satışımız İçin;
https://www.benimhocam.com
https://www.facebook.com/benimhocamyayin/
https://www.instagram.com/benimhocam/
https://twitter.com/Benimhocamyayin"
XG-9PQwhNo8,25) TYT Matematik - Üslü Sayılar 3 - İlyas GÜNEŞ - 2025,"Türkiye’nin Hocaları Sizin yanınızda …
Kitap Satışımız İçin;
https://www.benimhocam.com
https://www.facebook.com/benimhocamyayin/
https://www.instagram.com/benimhocam/
https://twitter.com/Benimhocamyayin"
3xL3CUzJLQ4,26) TYT Matematik - Köklü Sayılar 1 - İlyas GÜNEŞ - 2025,"Türkiye’nin Hocaları Sizin yanınızda …
Kitap Satışımız İçin;
https://www.benimhocam.com
https://www.facebook.com/benimhocamyayin/
https://www.instagram.com/benimhocam/
https://twitter.com/Benimhocamyayin"
uyTE3WE5LaE,27) TYT Matematik - Köklü Sayılar 2 - İlyas GÜNEŞ - 2025,"Türkiye’nin Hocaları Sizin yanınızda …
Kitap Satışımız İçin;
https://www.benimhocam.com
https://www.facebook.com/benimhocamyayin/
https://www.instagram.com/benimhocam/
https://twitter.com/Benimhocamyayin"
yAHc64f4oB0,28) TYT Matematik - Köklü Sayılar 3 - İlyas GÜNEŞ - 2025,"Türkiye’nin Hocaları Sizin yanınızda …
Kitap Satışımız İçin;
https://www.benimhocam.com
https://www.facebook.com/benimhocamyayin/
https://www.instagram.com/benimhocam/
https://twitter.com/Benimhocamyayin"
RutiXyJ6fgA,29) TYT Matematik - Çarpanlara Ayırma 1 - İlyas GÜNEŞ - 2025,"Türkiye’nin Hocaları Sizin yanınızda …
Kitap Satışımız İçin;
https://www.benimhocam.com
https://www.facebook.com/benimhocamyayin/
https://www.instagram.com/benimhocam/
https://twitter.com/Benimhocamyayin"
xR19LgR4dEU,30) TYT Matematik - Çarpanlara Ayırma 1 - İlyas GÜNEŞ - 2025,"Türkiye’nin Hocaları Sizin yanınızda …
Kitap Satışımız İçin;
https://www.benimhocam.com
https://www.facebook.com/benimhocamyayin/
https://www.instagram.com/benimhocam/
https://twitter.com/Benimhocamyayin"
Iy9DTeK6Syw,31) TYT Matematik - Çarpanlara Ayırma 2 - İlyas GÜNEŞ - 2025,"Türkiye’nin Hocaları Sizin yanınızda …
Kitap Satışımız İçin;
https://www.benimhocam.com
https://www.facebook.com/benimhocamyayin/
https://www.instagram.com/benimhocam/
https://twitter.com/Benimhocamyayin"
meDwdRZPxKY,32) TYT Matematik - Oran - Orantı - İlyas GÜNEŞ - 2025,"Türkiye’nin Hocaları Sizin yanınızda …
Kitap Satışımız İçin;
https://www.benimhocam.com
https://www.facebook.com/benimhocamyayin/
https://www.instagram.com/benimhocam/
https://twitter.com/Benimhocamyayin"
R-RSL5Yp81U,33) TYT Matematik - Oran - Orantı - İlyas GÜNEŞ - 2025,"Türkiye’nin Hocaları Sizin yanınızda …
Kitap Satışımız İçin;
https://www.benimhocam.com
https://www.facebook.com/benimhocamyayin/
https://www.instagram.com/benimhocam/
https://twitter.com/Benimhocamyayin"
2dkZ8DKKeA0,34) TYT Matematik - Birinci Dereceden Denklemler - İlyas GÜNEŞ - 2025,"Türkiye’nin Hocaları Sizin yanınızda …
Kitap Satışımız İçin;
https://www.benimhocam.com
https://www.facebook.com/benimhocamyayin/
https://www.instagram.com/benimhocam/
https://twitter.com/Benimhocamyayin"
qMbVeeUowfo,35) TYT Matematik - Sayı Kesir Problemleri - İlyas GÜNEŞ - 2025,"Türkiye’nin Hocaları Sizin yanınızda …
Kitap Satışımız İçin;
https://www.benimhocam.com
https://www.facebook.com/benimhocamyayin/
https://www.instagram.com/benimhocam/
https://twitter.com/Benimhocamyayin"
nJFSIarlko8,36) TYT Matematik - Sayı Kesir Problemleri 2 - İlyas GÜNEŞ - 2025,"Türkiye’nin Hocaları Sizin yanınızda …
Kitap Satışımız İçin;
https://www.benimhocam.com
https://www.facebook.com/benimhocamyayin/
https://www.instagram.com/benimhocam/
https://twitter.com/Benimhocamyayin"
SERe1nyGER0,37) TYT Matematik - Sayı Kesir Problemleri 3 - İlyas GÜNEŞ - 2025,"Türkiye’nin Hocaları Sizin yanınızda …
Kitap Satışımız İçin;
https://www.benimhocam.com
https://www.facebook.com/benimhocamyayin/
https://www.instagram.com/benimhocam/
https://twitter.com/Benimhocamyayin"
qw5lCUH3szI,38) TYT Matematik - Sayı Kesir Problemleri 4 - İlyas GÜNEŞ - 2025,"Türkiye’nin Hocaları Sizin yanınızda …
Kitap Satışımız İçin;
https://www.benimhocam.com
https://www.facebook.com/benimhocamyayin/
https://www.instagram.com/benimhocam/
https://twitter.com/Benimhocamyayin"
tnqxdkH6Y44,39) TYT Matematik - Yaş Problemleri 1 - İlyas GÜNEŞ - 2025,"Türkiye’nin Hocaları Sizin yanınızda …
Kitap Satışımız İçin;
https://www.benimhocam.com
https://www.facebook.com/benimhocamyayin/
https://www.instagram.com/benimhocam/
https://twitter.com/Benimhocamyayin"
wb-CHP1WE2E,40) TYT Matematik - Yaş Problemleri 2 - İlyas GÜNEŞ - 2025,"Türkiye’nin Hocaları Sizin yanınızda …
Kitap Satışımız İçin;
https://www.benimhocam.com
https://www.facebook.com/benimhocamyayin/
https://www.instagram.com/benimhocam/
https://twitter.com/Benimhocamyayin"
o-_0_TltlFU,41) TYT Matematik - İşçi Problemleri - İlyas GÜNEŞ - 2025,"Türkiye’nin Hocaları Sizin yanınızda …
Kitap Satışımız İçin;
https://www.benimhocam.com
https://www.facebook.com/benimhocamyayin/
https://www.instagram.com/benimhocam/
https://twitter.com/Benimhocamyayin"
RvmaQYoSGVI,42) TYT Matematik - Hareket Problemleri 1 - İlyas GÜNEŞ - 2025,"Türkiye’nin Hocaları Sizin yanınızda …
Kitap Satışımız İçin;
https://www.benimhocam.com
https://www.facebook.com/benimhocamyayin/
https://www.instagram.com/benimhocam/
https://twitter.com/Benimhocamyayin"
6fGHgwMD1tU,43) TYT Matematik - Hareket Problemleri 2 - İlyas GÜNEŞ - 2025,"Türkiye’nin Hocaları Sizin yanınızda …
Kitap Satışımız İçin;
https://www.benimhocam.com
https://www.facebook.com/benimhocamyayin/
https://www.instagram.com/benimhocam/
https://twitter.com/Benimhocamyayin"
Ce7H0YVOWNs,44) TYT Matematik - Hareket Problemleri 3 - İlyas GÜNEŞ - 2025,"Türkiye’nin Hocaları Sizin yanınızda …
Kitap Satışımız İçin;
https://www.benimhocam.com
https://www.facebook.com/benimhocamyayin/
https://www.instagram.com/benimhocam/
https://twitter.com/Benimhocamyayin"
nQ2Hw6NVXGQ,45) TYT Matematik - Yüzde - Kar - Zarar Problemleri - İlyas GÜNEŞ - 2025,"Türkiye’nin Hocaları Sizin yanınızda …
Kitap Satışımız İçin;
https://www.benimhocam.com
https://www.facebook.com/benimhocamyayin/
https://www.instagram.com/benimhocam/
https://twitter.com/Benimhocamyayin"
CRoATrXdLPM,46) TYT Matematik - Yüzde - Kar - Zarar Problemleri 2 - İlyas GÜNEŞ - 2025,"Türkiye’nin Hocaları Sizin yanınızda …
Kitap Satışımız İçin;
https://www.benimhocam.com
https://www.facebook.com/benimhocamyayin/
https://www.instagram.com/benimhocam/
https://twitter.com/Benimhocamyayin"
g4CYekaXxoc,47) TYT Matematik - Yüzde - Kar - Zarar Problemleri 3 - İlyas GÜNEŞ - 2025,"Türkiye’nin Hocaları Sizin yanınızda …
Kitap Satışımız İçin;
https://www.benimhocam.com
https://www.facebook.com/benimhocamyayin/
https://www.instagram.com/benimhocam/
https://twitter.com/Benimhocamyayin"
-SCXiqutJiA,48) TYT Matematik - Karışım Problemleri - İlyas GÜNEŞ - 2025,"Türkiye’nin Hocaları Sizin yanınızda …
Kitap Satışımız İçin;
https://www.benimhocam.com
https://www.facebook.com/benimhocamyayin/
https://www.instagram.com/benimhocam/
https://twitter.com/Benimhocamyayin"
I16HlKqK2_0,49) TYT Matematik - Grafik Problemleri 1 - İlyas GÜNEŞ - 2025,"Türkiye’nin Hocaları Sizin yanınızda …
Kitap Satışımız İçin;
https://www.benimhocam.com
https://www.facebook.com/benimhocamyayin/
https://www.instagram.com/benimhocam/
https://twitter.com/Benimhocamyayin"
9sM_KsKwYi0,50) TYT Matematik - Grafik Problemleri 2 - İlyas GÜNEŞ - 2025,"Türkiye’nin Hocaları Sizin yanınızda …
Kitap Satışımız İçin;
https://www.benimhocam.com
https://www.facebook.com/benimhocamyayin/
https://www.instagram.com/benimhocam/
https://twitter.com/Benimhocamyayin"
kYWRxdPFMh4,51) TYT Matematik - Rutin Olmayan Problemler - İlyas GÜNEŞ - 2025,"Türkiye’nin Hocaları Sizin yanınızda …
Kitap Satışımız İçin;
https://www.benimhocam.com
https://www.facebook.com/benimhocamyayin/
https://www.instagram.com/benimhocam/
https://twitter.com/Benimhocamyayin"
IFbC8515mp4,52) TYT Matematik - Rutin Olmayan Problemler 2 - İlyas GÜNEŞ - 2025,"Türkiye’nin Hocaları Sizin yanınızda …
Kitap Satışımız İçin;
https://www.benimhocam.com
https://www.facebook.com/benimhocamyayin/
https://www.instagram.com/benimhocam/
https://twitter.com/Benimhocamyayin"
XEY5yuolP1Q,53) TYT Matematik - Mantık 1 - İlyas GÜNEŞ - 2025,"Türkiye’nin Hocaları Sizin yanınızda …
Kitap Satışımız İçin;
https://www.benimhocam.com
https://www.facebook.com/benimhocamyayin/
https://www.instagram.com/benimhocam/
https://twitter.com/Benimhocamyayin"
ddhs7PvEgMQ,54) TYT Matematik - Mantık 2 - İlyas GÜNEŞ - 2025,"Türkiye’nin Hocaları Sizin yanınızda …
Kitap Satışımız İçin;
https://www.benimhocam.com
https://www.facebook.com/benimhocamyayin/
https://www.instagram.com/benimhocam/
https://twitter.com/Benimhocamyayin"
8Ofvp7tgThw,55) TYT Matematik - Kümeler - İlyas GÜNEŞ - 2025,"Türkiye’nin Hocaları Sizin yanınızda …
Kitap Satışımız İçin;
https://www.benimhocam.com
https://www.facebook.com/benimhocamyayin/
https://www.instagram.com/benimhocam/
https://twitter.com/Benimhocamyayin"
dNTk6vC-mWk,56) TYT Matematik - Kümeler 2 - İlyas GÜNEŞ - 2025,"Türkiye’nin Hocaları Sizin yanınızda …
Kitap Satışımız İçin;
https://www.benimhocam.com
https://www.facebook.com/benimhocamyayin/
https://www.instagram.com/benimhocam/
https://twitter.com/Benimhocamyayin"
rVO1lMPQhkY,57) TYT Matematik - Kümeler 3 - İlyas GÜNEŞ - 2025,"Türkiye’nin Hocaları Sizin yanınızda …
Kitap Satışımız İçin;
https://www.benimhocam.com
https://www.facebook.com/benimhocamyayin/
https://www.instagram.com/benimhocam/
https://twitter.com/Benimhocamyayin"
v5t3iKZruKE,58) TYT Matematik - Veri - İstatistik - İlyas GÜNEŞ - 2025,"Türkiye’nin Hocaları Sizin yanınızda …
Kitap Satışımız İçin;
https://www.benimhocam.com
https://www.facebook.com/benimhocamyayin/
https://www.instagram.com/benimhocam/
https://twitter.com/Benimhocamyayin"
z2D7YZvrzRQ,59) TYT Matematik - Veri - İstatistik 2 - İlyas GÜNEŞ - 2025,"Türkiye’nin Hocaları Sizin yanınızda …
Kitap Satışımız İçin;
https://www.benimhocam.com
https://www.facebook.com/benimhocamyayin/
https://www.instagram.com/benimhocam/
https://twitter.com/Benimhocamyayin"
17RBMbOgxY4,60) TYT Matematik - Fonksiyonlar 1 - İlyas GÜNEŞ - 2025,"Türkiye’nin Hocaları Sizin yanınızda …
Kitap Satışımız İçin;
https://www.benimhocam.com
https://www.facebook.com/benimhocamyayin/
https://www.instagram.com/benimhocam/
https://twitter.com/Benimhocamyayin"
-slUJVEqsfY,61) TYT Matematik - Fonksiyonlar 2 - İlyas GÜNEŞ - 2025,"Türkiye’nin Hocaları Sizin yanınızda …
Kitap Satışımız İçin;
https://www.benimhocam.com
https://www.facebook.com/benimhocamyayin/
https://www.instagram.com/benimhocam/
https://twitter.com/Benimhocamyayin"
auj2ObMaIYU,62) TYT Matematik - Fonksiyonlar 3 - İlyas GÜNEŞ - 2025,"Türkiye’nin Hocaları Sizin yanınızda …
Kitap Satışımız İçin;
https://www.benimhocam.com
https://www.facebook.com/benimhocamyayin/
https://www.instagram.com/benimhocam/
https://twitter.com/Benimhocamyayin"
c3VamGtHv_8,63) TYT Matematik - Permütasyon - Kombinasyon 1 - İlyas GÜNEŞ - 2025,"Türkiye’nin Hocaları Sizin yanınızda …
Kitap Satışımız İçin;
https://www.benimhocam.com
https://www.facebook.com/benimhocamyayin/
https://www.instagram.com/benimhocam/
https://twitter.com/Benimhocamyayin"
ieVeKBfbHoI,64) TYT Matematik - Permütasyon - Kombinasyon 2 - İlyas GÜNEŞ - 2025,"Türkiye’nin Hocaları Sizin yanınızda …
Kitap Satışımız İçin;
https://www.benimhocam.com
https://www.facebook.com/benimhocamyayin/
https://www.instagram.com/benimhocam/
https://twitter.com/Benimhocamyayin"
vl3ng7vA5e4,65) TYT Matematik - Kombinasyon - İlyas GÜNEŞ - 2025,"Türkiye’nin Hocaları Sizin yanınızda …
Kitap Satışımız İçin;
https://www.benimhocam.com
https://www.facebook.com/benimhocamyayin/
https://www.instagram.com/benimhocam/
https://twitter.com/Benimhocamyayin"
